{"commit":"25a070e8ae289f31b53070a88ef08db060debc17","appVersion":"46.1","build":44463,"app":"com.bohemiancoding.sketch3","pagesAndArtboards":{"B6B72928-A2A1-4D31-8EC8-A76030492CAF":{"name":"Page 1","artboards":{"A1FE0EE3-4D80-469B-9481-66FB57B257A1":{"name":"terminal"}}}},"fonts":["SFUIDisplay-Regular"],"created":{"app":"com.bohemiancoding.sketch3","commit":"25a070e8ae289f31b53070a88ef08db060debc17","build":44463,"appVersion":"46.1","variant":"NONAPPSTORE","version":93},"version":93,"saveHistory":["NONAPPSTORE.44463"],"autosaved":0,"variant":"NONAPPSTORE"}